"Id","Category","DisplayName","Description","Severity","ResultRawString"
"CONFIG_PROXY_AUTO_CONFIG","TA0001 - Initial Access","Proxy auto-configuration","Check whether Web Proxy Auto-Discovery (WPAD) is enabled, and whether a Proxy Auto-Configuration (PAC) file is distributed over HTTPS.","Low","

WinHttpAutoProxyServiceStartMode   : Manual
WinHttpAutoProxyServiceEnabled     : True
WinHttpAutoProxyServiceDescription : The WinHTTP Web Proxy Auto-Discovery service is not disabled.
WpadHostEntry                      : (null)
WpadHostEntryExists                : False
WpadHostEntryDescription           : No 'wpad' entry was found in the 'hosts' file.
DisableWpadKey                     : HKLM\SOFTWARE\Microsoft\Windows\CurrentVersion\Internet Settings\WinHttp
DisableWpadValue                   : DisableWpad
DisableWpadData                    : (null)
DisableWpadDescription             : WPAD is not disabled in the registry (HKLM).
AutoDetectKey                      : HKCU\SOFTWARE\Microsoft\Windows\CurrentVersion\Internet Settings
AutoDetectValue                    : AutoDetect
AutoDetectData                     : (null)
AutoDetectDescription              : Proxy auto detection is not disabled in the registry (HKCU).
AutoConfigUrlMachineKey            : HKLM\SOFTWARE\Microsoft\Windows\CurrentVersion\Internet Settings
AutoConfigUrlMachineValue          : AutoConfigURL
AutoConfigUrlMachineData           : (null)
AutoConfigUrlUserKey               : HKCU\SOFTWARE\Microsoft\Windows\CurrentVersion\Internet Settings
AutoConfigUrlUserValue             : AutoConfigURL
AutoConfigUrlUserData              : (null)



"
"HARDEN_HIDDEN_FILE_EXTENSIONS","TA0001 - Initial Access","Hidden file name extensions","Check whether extensions of known file types are shown or hidden in the Explorer.","None","

Key         : HKCU\Software\Microsoft\Windows\CurrentVersion\Explorer\Advanced
Value       : HideFileExt
Expected    : 0
Data        : 0
Description : File name extensions of known file types are shown in the Explorer.



"
"HARDEN_BITLOCKER","TA0001 - Initial Access","BitLocker configuration","Check whether BitLocker is enabled on the system drive and requires a second factor of authentication (PIN or startup key). Note that this check might yield a false positive if a third-party drive encryption software is installed.","None","

MachineRole : Domain Controller
TpmPresent  : False
Description : Not a workstation, BitLocker configuration is irrelevant.



"
"HARDEN_FILE_EXTENSION_ASSOC","TA0001 - Initial Access","File extension associations","Check whether file extensions such as '.bat' or '.wsh' are associated to a text editor. Note that only basic text editors such as 'Notepad' are detected. If a rich text editor is set instead, this check could yield false positives.","Low","
Extension           Command                                                                                            
---------           -------                                                                                            
.application        ""C:\Windows\System32\rundll32.exe"" ""C:\Windows\System32\dfshim.dll"",ShOpenVerbApplication %1       
.appref-ms          ""C:\Windows\System32\rundll32.exe"" ""C:\Windows\System32\dfshim.dll"",ShOpenVerbShortcut %1|%2       
.bat                ""%1"" %*                                                                                            
.chm                ""C:\Windows\hh.exe"" %1                                                                             
.cmd                ""%1"" %*                                                                                            
.com                ""%1"" %*                                                                                            
.cpl                C:\Windows\System32\control.exe ""%1"",%*                                                            
.diagcab            C:\Windows\system32\msdt.exe /cab ""%1""                                                             
.hta                C:\Windows\SysWOW64\mshta.exe ""%1"" {1E460BD7-F1C3-4B2E-88BF-4E770A288AF5}%U{1E460BD7-F1C3-4B2E-8...
.hlp                C:\Windows\winhlp32.exe %1                                                                         
.htm                ""C:\Program Files (x86)\Microsoft\Edge\Application\msedge.exe"" --single-argument %1                
.html               ""C:\Program Files (x86)\Microsoft\Edge\Application\msedge.exe"" --single-argument %1                
.js                 C:\Windows\System32\WScript.exe ""%1"" %*                                                            
.JSE                C:\Windows\System32\WScript.exe ""%1"" %*                                                            
.library-ms         C:\Windows\Explorer.exe                                                                            
.mht                ""C:\Program Files\Internet Explorer\iexplore.exe"" %1                                               
.mhtml              ""C:\Program Files\Internet Explorer\iexplore.exe"" %1                                               
.msc                C:\Windows\system32\mmc.exe ""%1"" %*                                                                
.pif                ""%1"" %*                                                                                            
.psc1               ""C:\Windows\System32\WindowsPowerShell\v1.0\powershell.exe"" -p ""%1""                                
.reg                regedit.exe ""%1""                                                                                   
.scf                C:\Windows\explorer.exe                                                                            
.scr                ""%1"" /S                                                                                            
.searchConnector-ms C:\Windows\Explorer.exe                                                                            
.search-ms          C:\Windows\Explorer.exe                                                                            
.theme              C:\Windows\system32\rundll32.exe C:\Windows\system32\themecpl.dll,OpenThemeAction %1               
.themepack          C:\Windows\system32\rundll32.exe C:\Windows\system32\themecpl.dll,OpenThemeAction %1               
.URL                ""C:\Windows\System32\rundll32.exe"" ""C:\Windows\System32\ieframe.dll"",OpenURL %l                    
.VBE                ""C:\Windows\System32\WScript.exe"" ""%1"" %*                                                          
.vbs                ""C:\Windows\System32\WScript.exe"" ""%1"" %*                                                          
.WSF                ""C:\Windows\System32\WScript.exe"" ""%1"" %*                                                          
.WSH                ""C:\Windows\System32\WScript.exe"" ""%1"" %*                                                          


"
"NET_AIRSTRIKE","TA0001 - Initial Access","Network selection from lock screen","Check whether the 'Do not display network selection UI' policy is enabled on workstations (CVE-2021-28316 - Airstrike attack).","None","

Description : Not a workstation, this check is irrelevant.



"
"NET_WLAN","TA0001 - Initial Access","Wi-Fi profiles","Get information about saved Wi-Fi profiles. Clear-text pre-shared keys (PSK) are displayed when possible, and potentially vulnerable 802.1x profiles are listed.","None",""
"HARDEN_PS_SECURITY_FEATURES","TA0002 - Execution","PowerShell security features","Check whether PowerShell security features are configured and enabled.","Low","

EnableScripts             : 
ExecutionPolicy           : 
ScriptBlockLoggingEnabled : 
ModuleLoggingEnabled      : 
ModuleLoggingModuleList   : 
TranscriptionEnabled      : 
TranscriptionDirectory    : 
Description               : No execution policy is enforced. Script block logging is not enabled. Module logging is not
                             enabled. 



"
"HARDEN_BIOS_MODE","TA0003 - Persistence","UEFI & Secure Boot","Check whether UEFI and Secure Boot are supported and enabled. Note that Secure Boot requires UEFI.","Low","
Name        Vulnerable Description         
----        ---------- -----------         
UEFI              True BIOS mode is Legacy.
Secure Boot      False                     


"
"CONFIG_COM_MISSING_MODULE","TA0003 - Persistence","COM server missing module files","Check whether there are leftover COM servers registered with non-existent modules. Such issues could be leveraged for lateral movement or persistence.","Low","

Id       : 14BE1FB6-7B58-4724-BCF7-4389C7770F07
Path     : HKLM\SOFTWARE\Classes\CLSID\{14BE1FB6-7B58-4724-BCF7-4389C7770F07}
Value    : InProcServer32
FullPath : HKLM\SOFTWARE\Classes\CLSID\{14BE1FB6-7B58-4724-BCF7-4389C7770F07}\InProcServer32
Data     : C:\Program Files (x86)\Microsoft\EdgeUpdate\1.3.135.41\psmachine_64.dll
DataType : FilePath

Id       : A0B482A5-71D4-4395-857C-1F3B57FB8809
Path     : HKLM\SOFTWARE\Classes\CLSID\{A0B482A5-71D4-4395-857C-1F3B57FB8809}
Value    : InProcServer32
FullPath : HKLM\SOFTWARE\Classes\CLSID\{A0B482A5-71D4-4395-857C-1F3B57FB8809}\InProcServer32
Data     : C:\Program Files (x86)\Microsoft\EdgeUpdate\1.3.195.43\psmachine_64.dll
DataType : FilePath



"
"CONFIG_COINSTALLERS","TA0004 - Privilege Escalation","Driver co-installers","Check whether Driver Co-installers are disabled. A local user might be able to gain SYSTEM privileges by plugging in a device such as a mouse or keyboard with a vulnerable Driver Co-installer.","Low","

Key         : HKLM\SOFTWARE\Microsoft\Windows\CurrentVersion\Device Installer
Value       : DisableCoInstallers
Data        : (null)
Description : Driver Co-installers are enabled (default).



"
"CONFIG_COM_GHOST_DLL","TA0004 - Privilege Escalation","COM server ghost DLLs","Check whether there are COM servers registered with a non-existent module using a relative path. This may not necessarily result in a privilege escalation. You would also need to have rights to create files in a PATH folder. Further analysis is required.","None",""
"SERVICE_VULN_DRIVER","TA0004 - Privilege Escalation","Vulnerable Kernel drivers","Check whether known vulnerable kernel drivers are installed. It does so by computing the file hash of each driver and comparing the value against the list provided by loldrivers.io.","None",""
"CONFIG_MSI_REPAIR_UAC_PROMPT","TA0004 - Privilege Escalation","Application repair UAC prompt","Check whether the UAC prompt displayed when attempting an application repair through the Windows Installer was disabled.","None","

Key         : HKLM\SOFTWARE\Policies\Microsoft\Windows\Installer
Value       : DisableLUAInRepair
Data        : (null)
Description : The User Account Control (UAC) prompts for credentials before initiating an application repair.



"
"SERVICE_THIRD_PARTY","TA0004 - Privilege Escalation","Kernel drivers (non-default)","Get information about third-party kernel drivers. It does so by parsing the driver's metadata and checking whether the publisher is Microsoft.","None","

Name        : 3ware
ImagePath   : System32\drivers\3ware.sys
StartMode   : Boot
Type        : KernelDriver
Status      : Stopped
ProductName : LSI 3ware RAID Controller
Company     : LSI
Description : LSI 3ware SCSI Storport Driver
Version     : 5.01.00.051
Copyright   : Copyright (c) 2011 LSI

Name        : ADP80XX
ImagePath   : System32\drivers\ADP80XX.SYS
StartMode   : Boot
Type        : KernelDriver
Status      : Stopped
ProductName : PMC-Sierra HBA Controller
Company     : PMC-Sierra
Description : PMC-Sierra Storport  Driver For SPC8x6G SAS/SATA controller
Version     : 1.3.0.10769 (NT.150223-1854)
Copyright   : Copyright (C) PMC-Sierra 2001-2014

Name        : amdsata
ImagePath   : System32\drivers\amdsata.sys
StartMode   : Boot
Type        : KernelDriver
Status      : Stopped
ProductName : AHCI 1.3 Device Driver
Company     : Advanced Micro Devices
Description : AHCI 1.3 Device Driver
Version     : 1.1.3.277 (NT.150223-1854)
Copyright   : Copyright © 2008-2015 AMD, Inc.

Name        : amdsbs
ImagePath   : System32\drivers\amdsbs.sys
StartMode   : Boot
Type        : KernelDriver
Status      : Stopped
ProductName : AMD Technology AHCI Compatible Controller
Company     : AMD Technologies Inc.
Description : AMD Technology AHCI Compatible Controller Driver for Windows - AMD64 platform
Version     : 3.7.1540.43 (PART3.121207-1123)
Copyright   : 2012 Advanced Micro Devices, Inc. All rights reserved.

Name        : amdxata
ImagePath   : System32\drivers\amdxata.sys
StartMode   : Boot
Type        : KernelDriver
Status      : Stopped
ProductName : Storage Filter Driver
Company     : Advanced Micro Devices
Description : Storage Filter Driver
Version     : 1.1.3.277 (NT.150223-1854)
Copyright   : Copyright © 2008-2015 AMD, Inc.

Name        : arcsas
ImagePath   : System32\drivers\arcsas.sys
StartMode   : Boot
Type        : KernelDriver
Status      : Stopped
ProductName : Adaptec RAID Controller
Company     : PMC-Sierra, Inc.
Description : Adaptec SAS RAID WS03 Driver
Version     : 7.5.0.32048 (NT.150223-1854)
Copyright   : Copyright 2014 PMC-Sierra, Inc. All rights reserved.

Name        : b06bdrv
ImagePath   : System32\drivers\bxvbda.sys
StartMode   : Boot
Type        : KernelDriver
Status      : Stopped
ProductName : QLogic Gigabit Ethernet
Company     : QLogic Corporation
Description : QLogic Gigabit Ethernet VBD
Version     : 7.12.31.105
Copyright   : (c) COPYRIGHT 2014-2016 QLogic Corporation

Name        : bfadfcoei
ImagePath   : System32\drivers\bfadfcoei.sys
StartMode   : Boot
Type        : KernelDriver
Status      : Stopped
ProductName : QLogic BR-series FC/FCoE HBA Stor Miniport Driver
Company     : QLogic Corporation
Description : QLogic BR-series FC/FCoE HBA Stor Miniport Driver
Version     : 3.2.26.1
Copyright   : © QLogic Corporation 2015

Name        : bfadi
ImagePath   : System32\drivers\bfadi.sys
StartMode   : Boot
Type        : KernelDriver
Status      : Stopped
ProductName : QLogic BR-series FC/FCoE HBA Stor Miniport Driver
Company     : QLogic Corporation
Description : QLogic BR-series FC/FCoE HBA Stor Miniport Driver
Version     : 3.2.26.1
Copyright   : © QLogic Corporation 2015

Name        : bxfcoe
ImagePath   : System32\drivers\bxfcoe.sys
StartMode   : Boot
Type        : KernelDriver
Status      : Stopped
ProductName : QLogic FCoE Offload driver
Company     : Marvell Semiconductor Inc.
Description : FCoE Offload x64 FREE
Version     : 7.14.22.101
Copyright   : Copyright (c) Marvell Semiconductor Inc.2020

Name        : bxois
ImagePath   : System32\drivers\bxois.sys
StartMode   : Boot
Type        : KernelDriver
Status      : Stopped
ProductName : QLogic iSCSI offload driver
Company     : Marvell Semiconductor Inc.
Description : iSCSI offload x64 FREE (inbox)
Version     : 7.14.16.101
Copyright   : Copyright (c) 2020 Marvell Semiconductor Inc.

Name        : cht4iscsi
ImagePath   : System32\drivers\cht4sx64.sys
StartMode   : Boot
Type        : KernelDriver
Status      : Stopped
ProductName : Chelsio Communications iSCSI Controller
Company     : Chelsio Communications
Description : Chelsio iSCSI VMiniport Driver
Version     : 6.11.4.100
Copyright   : Copyright © 2016 Chelsio Communications. All rights reserved.

Name        : cht4vbd
ImagePath   : \SystemRoot\System32\drivers\cht4vx64.sys
StartMode   : Manual
Type        : KernelDriver
Status      : Stopped
ProductName : Chelsio Communications Unified Network I/O Controller
Company     : Chelsio Communications
Description : Virtual Bus Driver for Chelsio ® T5/T6 Chipset
Version     : 6.11.4.100
Copyright   : Copyright © 2016 Chelsio Communications. All rights reserved.

Name        : E1G60
ImagePath   : \SystemRoot\System32\drivers\E1G6032E.sys
StartMode   : Manual
Type        : KernelDriver
Status      : Running
ProductName : Intel(R) PRO/1000 Adapter
Company     : Intel Corporation
Description : Intel(R) PRO/1000 Adapter NDIS 6 deserialized driver
Version     : 8.4.13.0 built by: WinDDK
Copyright   : 1998-2007, Intel Corporation All Rights Reserved.

Name        : ebdrv
ImagePath   : System32\drivers\evbda.sys
StartMode   : Boot
Type        : KernelDriver
Status      : Stopped
ProductName : QLogic 10 GigE
Company     : Marvell Semiconductor Inc.
Description : QLogic 10 GigE VBD
Version     : 7.13.171.102
Copyright   : (C)COPYRIGHT 2010-2020 Marvell(R). All rights reserved.

Name        : ebdrv0
ImagePath   : System32\drivers\evbd0a.sys
StartMode   : Boot
Type        : KernelDriver
Status      : Stopped
ProductName : QLogic 10 GigE
Company     : QLogic Corporation
Description : QLogic 10 GigE VBD
Version     : 7.13.65.105
Copyright   : (c) COPYRIGHT 2014-2016 QLogic Corporation

Name        : elxfcoe
ImagePath   : System32\drivers\elxfcoe.sys
StartMode   : Boot
Type        : KernelDriver
Status      : Stopped
ProductName : Emulex WS2K12 Storport Miniport Driver x64
Company     : Emulex
Description : Emulex Storport Miniport Driver
Version     : 11.0.247.8000 01/26/2016 WS2K12 64 bit x64
Copyright   : Copyright © 2003-2016 Emulex

Name        : elxstor
ImagePath   : System32\drivers\elxstor.sys
StartMode   : Boot
Type        : KernelDriver
Status      : Stopped
ProductName : Emulex WS2K12 Storport Miniport Driver x64
Company     : Broadcom
Description : Emulex Storport Miniport Driver
Version     : 12.6.165.8000 12/07/2019 WS2K12 64 bit x64
Copyright   : Copyright 2003-2019 Broadcom. All rights Reserved. The term ""Broadcom"" refers to Broadcom Limited and/or 
              its subsidiaries.

Name        : HpSAMD
ImagePath   : System32\drivers\HpSAMD.sys
StartMode   : Boot
Type        : KernelDriver
Status      : Stopped
ProductName : Smart Array SAS/SATA Controller Media Driver
Company     : Hewlett-Packard Company
Description : Smart Array SAS/SATA Controller Media Driver
Version     : 8.0.4.0 Build 1 Media Driver (x86-64) (PART_L3.130128-0938)
Copyright   : Copyright (c) 2004-2011 Hewlett-Packard Development Company, L.P. ALL RIGHTS RESERVED.

Name        : iaLPSSi_GPIO
ImagePath   : \SystemRoot\System32\drivers\iaLPSSi_GPIO.sys
StartMode   : Manual
Type        : KernelDriver
Status      : Stopped
ProductName : Intel(R) Serial IO Driver
Company     : Intel Corporation
Description : Intel(R) Serial IO GPIO Controller Driver
Version     : 1.1.250.0
Copyright   : Copyright © 2015, Intel Corporation.

Name        : iaLPSSi_I2C
ImagePath   : \SystemRoot\System32\drivers\iaLPSSi_I2C.sys
StartMode   : Manual
Type        : KernelDriver
Status      : Stopped
ProductName : Intel(R) Serial IO Driver
Company     : Intel Corporation
Description : Intel(R) Serial IO I2C Controller Driver
Version     : 1.1.253.0
Copyright   : Copyright © 2015, Intel Corporation.

Name        : iaStorAVC
ImagePath   : System32\drivers\iaStorAVC.sys
StartMode   : Boot
Type        : KernelDriver
Status      : Stopped
ProductName : Intel(R) Rapid Storage Technology driver (inbox)
Company     : Intel Corporation
Description : Intel(R) Rapid Storage Technology driver (inbox) - x64
Version     : 15.44.0.1015
Copyright   : Copyright (C), Intel Corporation. All rights reserved.

Name        : iaStorV
ImagePath   : System32\drivers\iaStorV.sys
StartMode   : Boot
Type        : KernelDriver
Status      : Stopped
ProductName : Intel Matrix Storage Manager driver
Company     : Intel Corporation
Description : Intel Matrix Storage Manager driver - x64
Version     : 8.6.2.1019
Copyright   : Copyright(C) Intel Corporation 1994-2008

Name        : ibbus
ImagePath   : \SystemRoot\System32\drivers\ibbus.sys
StartMode   : Manual
Type        : KernelDriver
Status      : Stopped
ProductName : OpenFabrics Windows
Company     : Mellanox
Description : InfiniBand Fabric Bus Driver
Version     : 5.50.14695
Copyright   : Copyright© 2009 Mellanox Technologies Ltd

Name        : ItSas35i
ImagePath   : System32\drivers\ItSas35i.sys
StartMode   : Boot
Type        : KernelDriver
Status      : Stopped
ProductName : Windows (R) Win 7 DDK driver
Company     : Avago Technologies
Description : Avago SAS Gen3.5 Driver (StorPort)
Version     : 2.61.19.80
Copyright   : Copyright © Avago Technologies 2015

Name        : LSI_SAS
ImagePath   : System32\drivers\lsi_sas.sys
StartMode   : Boot
Type        : KernelDriver
Status      : Stopped
ProductName : LSI Fusion-MPT SAS Driver (StorPort)
Company     : LSI Corporation
Description : LSI Fusion-MPT SAS Driver (StorPort)
Version     : 1.34.03.83 (NT.150223-1854)
Copyright   : Copyright © LSI Corporation 2010

Name        : LSI_SAS2i
ImagePath   : System32\drivers\lsi_sas2i.sys
StartMode   : Boot
Type        : KernelDriver
Status      : Stopped
ProductName : Windows (R) Win 7 DDK driver
Company     : LSI Corporation
Description : LSI SAS Gen2 Driver (StorPort)
Version     : 2.00.79.82
Copyright   : Copyright © LSI Corporation 2012

Name        : LSI_SAS3i
ImagePath   : System32\drivers\lsi_sas3i.sys
StartMode   : Boot
Type        : KernelDriver
Status      : Stopped
ProductName : Windows (R) Win 7 DDK driver
Company     : Avago Technologies
Description : Avago SAS Gen3 Driver (StorPort)
Version     : 2.51.27.80
Copyright   : Copyright © Avago Technologies 2015

Name        : megasas2i
ImagePath   : System32\drivers\MegaSas2i.sys
StartMode   : Boot
Type        : KernelDriver
Status      : Stopped
ProductName : MEGASAS2i RAID Controller Driver for Windows
Company     : Avago Technologies
Description : MEGASAS2i RAID Controller Driver for Windows
Version     : 6.714.22.00
Copyright   : Copyright © Avago Technologies2020

Name        : megasas35i
ImagePath   : System32\drivers\megasas35i.sys
StartMode   : Boot
Type        : KernelDriver
Status      : Stopped
ProductName : MEGASAS RAID Controller Driver for Windows
Company     : Broadcom Inc
Description : MEGASAS RAID Controller Driver for Windows
Version     : 7.716.02.00
Copyright   : Copyright © Broadcom Inc2020

Name        : megasr
ImagePath   : System32\drivers\megasr.sys
StartMode   : Boot
Type        : KernelDriver
Status      : Stopped
ProductName : MegaRAID Software RAID
Company     : LSI Corporation, Inc.
Description : LSI MegaRAID Software RAID Driver
Version     : 15.02.2013.0129
Copyright   : Copyright (C) 2007 LSI Corporation.

Name        : mlx4_bus
ImagePath   : \SystemRoot\System32\drivers\mlx4_bus.sys
StartMode   : Manual
Type        : KernelDriver
Status      : Stopped
ProductName : OpenFabrics Windows
Company     : Mellanox
Description : MLX4 Bus Driver
Version     : 5.50.14695
Copyright   : Copyright© 2009 Mellanox Technologies Ltd

Name        : mpi3drvi
ImagePath   : System32\drivers\mpi3drvi.sys
StartMode   : Boot
Type        : KernelDriver
Status      : Stopped
ProductName : Windows (R) Win 7 DDK driver
Company     : Broadcom Limited
Description : Broadcom MPI 3.0 Driver (StorPort)
Version     : 3.00.71.90
Copyright   : Copyright © Broadcom Limited 2019

Name        : mvumis
ImagePath   : System32\drivers\mvumis.sys
StartMode   : Boot
Type        : KernelDriver
Status      : Stopped
ProductName : Marvell Flash Controller
Company     : Marvell Semiconductor, Inc.
Description : Marvell Flash Controller Driver
Version     : 1.0.5.1016  (PART_L3.131021-1012)
Copyright   : Copyright (c) Marvell Semiconductor, Inc.

Name        : ndfltr
ImagePath   : \SystemRoot\System32\drivers\ndfltr.sys
StartMode   : Manual
Type        : KernelDriver
Status      : Stopped
ProductName : OpenFabrics Windows
Company     : Mellanox
Description : NetworkDirect Support Filter Driver
Version     : 5.50.14695
Copyright   : Copyright© 2009 Mellanox Technologies Ltd

Name        : NDKPerf
ImagePath   : system32\drivers\NDKPerf.sys
StartMode   : Manual
Type        : KernelDriver
Status      : Stopped
ProductName : Unknown
Company     : Unknown
Description : Unknown
Version     : Unknown
Copyright   : Unknown

Name        : nvraid
ImagePath   : System32\drivers\nvraid.sys
StartMode   : Boot
Type        : KernelDriver
Status      : Stopped
ProductName : NVIDIA nForce(TM) RAID Driver
Company     : NVIDIA Corporation
Description : NVIDIA® nForce(TM) RAID Driver
Version     : 10.6.0.23 (PART_L3.131021-1012)
Copyright   : Copyright(C) 2001-2011 NVIDIA Corporation

Name        : nvstor
ImagePath   : System32\drivers\nvstor.sys
StartMode   : Boot
Type        : KernelDriver
Status      : Stopped
ProductName : NVIDIA nForce(TM) SATA Driver
Company     : NVIDIA Corporation
Description : NVIDIA® nForce(TM) Sata Performance Driver
Version     : 10.6.0.23 (PART_L3.131021-1012)
Copyright   : Copyright(C) 2001-2011 NVIDIA Corporation

Name        : percsas2i
ImagePath   : System32\drivers\percsas2i.sys
StartMode   : Boot
Type        : KernelDriver
Status      : Stopped
ProductName : MEGASAS RAID Controller Driver for Windows
Company     : Avago Technologies
Description : MEGASAS RAID Controller Driver for Windows
Version     : 6.805.03.00 (rs1_onecore_stacksp_sfs4(paudina).160302-1205)
Copyright   : Copyright © Avago Technologies2013

Name        : percsas3i
ImagePath   : System32\drivers\percsas3i.sys
StartMode   : Boot
Type        : KernelDriver
Status      : Stopped
ProductName : MEGASAS RAID Controller Driver for Windows
Company     : Avago Technologies
Description : MEGASAS RAID Controller Driver for Windows
Version     : 6.604.06.00
Copyright   : Copyright © Avago Technologies2013

Name        : pvscsi
ImagePath   : System32\drivers\pvscsii.sys
StartMode   : Boot
Type        : KernelDriver
Status      : Stopped
ProductName : VMware PVSCSI StorPort driver (64-bit)
Company     : VMware, Inc.
Description : VMware PVSCSI StorPort driver (64-bit)
Version     : 1.3.15.0
Copyright   : Copyright © 1998-2019 VMware, Inc.

Name        : qebdrv
ImagePath   : System32\drivers\qevbda.sys
StartMode   : Boot
Type        : KernelDriver
Status      : Stopped
ProductName : QLogic FastLinQ Ethernet
Company     : Marvell Semiconductor Inc.
Description : QLogic FastLinQ Ethernet VBD
Version     : 8.45.1.103
Copyright   : (C)COPYRIGHT 2010-2020 Marvell(R). All rights reserved.

Name        : qefcoe
ImagePath   : System32\drivers\qefcoe.sys
StartMode   : Boot
Type        : KernelDriver
Status      : Stopped
ProductName : QLogic FCoE offload driver
Company     : Marvell Semiconductor Inc.
Description : FCoE offload x64 FREE
Version     : 8.42.1.101
Copyright   : Copyright (c) 2020 Marvell Semiconductor Inc.

Name        : qeois
ImagePath   : System32\drivers\qeois.sys
StartMode   : Boot
Type        : KernelDriver
Status      : Stopped
ProductName : QLogic iSCSI offload driver
Company     : Marvell Semiconductor Inc.
Description : iSCSI offload x64 FREE
Version     : 8.42.2.101
Copyright   : Copyright (c) 2020 Marvell Semiconductor Inc.

Name        : ql2300i
ImagePath   : System32\drivers\ql2300i.sys
StartMode   : Boot
Type        : KernelDriver
Status      : Stopped
ProductName : QLogic Fibre Channel Stor Miniport Driver
Company     : Marvell Semiconductor Inc.
Description : QLogic Fibre Channel Stor Miniport Driver
Version     : 9.4.2.103
Copyright   : Copyright © Marvell Semiconductor Inc. 1996-2020

Name        : ql40xx2i
ImagePath   : System32\drivers\ql40xx2i.sys
StartMode   : Boot
Type        : KernelDriver
Status      : Stopped
ProductName : QLA40XX iSCSI Host Bus Adapter
Company     : QLogic Corporation
Description : QLogic iSCSI Storport Miniport Inbox Driver
Version     : 2.1.5.0 (STOREx wx64)
Copyright   : © QLogic Corporation. All rights reserved.

Name        : qlfcoei
ImagePath   : System32\drivers\qlfcoei.sys
StartMode   : Boot
Type        : KernelDriver
Status      : Stopped
ProductName : QLogic FCoE Stor Miniport Inbox Driver
Company     : QLogic Corporation
Description : QLogic FCoE Stor Miniport Inbox Driver
Version     : 9.1.11.3
Copyright   : Copyright © QLogic Corporation 1996-2013

Name        : SiSRaid2
ImagePath   : System32\drivers\SiSRaid2.sys
StartMode   : Boot
Type        : KernelDriver
Status      : Stopped
ProductName : Microsoft® Windows® Operating System
Company     : Silicon Integrated Systems Corp.
Description : SiS RAID Stor Miniport Driver
Version     : 2.60.01 (NT.070926-1510)
Copyright   : Copyright (c) SiS Corp. 2000-2010

Name        : SiSRaid4
ImagePath   : System32\drivers\sisraid4.sys
StartMode   : Boot
Type        : KernelDriver
Status      : Stopped
ProductName : Microsoft® Windows® Operating System
Company     : Silicon Integrated Systems
Description : SiS AHCI Stor-Miniport Driver
Version     : 3.60.03 (NT.070926-1510)
Copyright   : Copyright (c) SiS Corp. 2007-2013

Name        : SmartSAMD
ImagePath   : System32\drivers\SmartSAMD.sys
StartMode   : Boot
Type        : KernelDriver
Status      : Stopped
ProductName : SmartRAID, SmartHBA PQI Storport Driver
Company     : Microsemi Corportation
Description : Storport Miniport Driver for SmartRAID/SmartHBA Controllers
Version     : 1.50.1.0
Copyright   : Copyright © 2015-2018 Microsemi Corporation. All rights reserved.

Name        : stexstor
ImagePath   : System32\drivers\stexstor.sys
StartMode   : Boot
Type        : KernelDriver
Status      : Stopped
ProductName : Promise® SuperTrak EX Series
Company     : Promise Technology, Inc.
Description : Promise SuperTrak EX Series Driver for Windows x64
Version     : 5.1.0000.10 (PART.121116-1330)
Copyright   : © Promise Technology, Inc. All rights reserved.

Name        : Usb4HostRouter
ImagePath   : \SystemRoot\System32\drivers\Usb4HostRouter.sys
StartMode   : Manual
Type        : KernelDriver
Status      : Stopped
ProductName : Unknown
Company     : Unknown
Description : Unknown
Version     : Unknown
Copyright   : Unknown

Name        : VBoxGuest
ImagePath   : system32\DRIVERS\VBoxGuest.sys
StartMode   : Boot
Type        : KernelDriver
Status      : Running
ProductName : Oracle VM VirtualBox Guest Additions
Company     : Oracle and/or its affiliates
Description : VirtualBox Guest Driver
Version     : 7.0.8.156879
Copyright   : Copyright (C) 2009-2023 Oracle Corporation

Name        : VBoxMouse
ImagePath   : \SystemRoot\system32\DRIVERS\VBoxMouse.sys
StartMode   : Manual
Type        : KernelDriver
Status      : Running
ProductName : Oracle VM VirtualBox Guest Additions
Company     : Oracle and/or its affiliates
Description : VirtualBox Mouse Filter
Version     : 7.0.8.156879
Copyright   : Copyright (C) 2009-2023 Oracle Corporation

Name        : VBoxSF
ImagePath   : \SystemRoot\System32\drivers\VBoxSF.sys
StartMode   : System
Type        : FileSystemDriver
Status      : Running
ProductName : Oracle VM VirtualBox Guest Additions
Company     : Oracle and/or its affiliates
Description : VirtualBox Shared Folders Minirdr
Version     : 7.0.8.156879
Copyright   : Copyright (C) 2009-2023 Oracle Corporation

Name        : VBoxWddm
ImagePath   : \SystemRoot\System32\drivers\VBoxWddm.sys
StartMode   : Manual
Type        : KernelDriver
Status      : Running
ProductName : Oracle VM VirtualBox Guest Additions
Company     : Oracle and/or its affiliates
Description : VirtualBox WDDM Video Driver
Version     : 7.0.8.156879
Copyright   : Copyright (C) 2009-2023 Oracle Corporation

Name        : vsmraid
ImagePath   : System32\drivers\vsmraid.sys
StartMode   : Boot
Type        : KernelDriver
Status      : Stopped
ProductName : VIA RAID driver
Company     : VIA Technologies Inc.,Ltd
Description : VIA RAID DRIVER FOR AMD-X86-64
Version     : 7.0.9600,6352
Copyright   : Copyright (C) VIA Technologies 1992-2007

Name        : VSTXRAID
ImagePath   : System32\drivers\vstxraid.sys
StartMode   : Boot
Type        : KernelDriver
Status      : Stopped
ProductName : VIA StorX RAID Controller Driver
Company     : VIA Corporation
Description : VIA StorX RAID Controller Driver
Version     : 8.0.9200.8110
Copyright   : Copyright (C) 2008 VIA Corporation

Name        : WinMad
ImagePath   : \SystemRoot\System32\drivers\winmad.sys
StartMode   : Manual
Type        : KernelDriver
Status      : Stopped
ProductName : OpenFabrics Windows
Company     : Mellanox
Description : Kernel WinMad
Version     : 5.50.14695
Copyright   : Copyright© 2009 Mellanox Technologies Ltd

Name        : WinVerbs
ImagePath   : \SystemRoot\System32\drivers\winverbs.sys
StartMode   : Manual
Type        : KernelDriver
Status      : Stopped
ProductName : OpenFabrics Windows
Company     : Mellanox
Description : Kernel WinVerbs
Version     : 5.50.14695
Copyright   : Copyright© 2009 Mellanox Technologies Ltd



"
"SERVICE_INSTALLED","TA0004 - Privilege Escalation","Service list (non-default)","Get information about third-party services. It does so by parsing the target executable's metadata and checking whether the publisher is Microsoft.","None","

Name        : ssh-agent
DisplayName : OpenSSH Authentication Agent
ImagePath   : C:\Windows\System32\OpenSSH\ssh-agent.exe
User        : LocalSystem
StartMode   : Disabled

Name        : VBoxService
DisplayName : VirtualBox Guest Additions Service
ImagePath   : C:\Windows\System32\VBoxService.exe
User        : LocalSystem
StartMode   : Automatic



"
"CONFIG_PRINTNIGHTMARE","TA0004 - Privilege Escalation","Point and Print configuration","Check whether the Print Spooler service is enabled and if the Point and Print configuration allows non-administrator users to install printer drivers.","None","

Description : The Print Spooler service is disabled.



"
"UPDATE_HISTORY","TA0004 - Privilege Escalation","Last Windows Update date","Get information about the latest Windows update. Note that this check might be unreliable.","None","
Time                  TimeRaw          
----                  -------          
1601-01-01 - 00:00:00 1/01/1601 0:00:00


"
"MISC_MSI_CUSTOM_ACTIONS","TA0004 - Privilege Escalation","MSI unsafe Custom Actions","Get information about cached MSI files that execute potentially unsafe Custom Actions. Note that a manual analysis is required to determine if the returned MSI files are actually vulnerable.","None",""
"UPDATE_HOTFIX","TA0004 - Privilege Escalation","Latest updates installed","Check whether a Windows security update was installed within the last 31 days.","Medium","
HotFixID  Description     InstalledBy InstalledOn      
--------  -----------     ----------- -----------      
KB5011497 Security Update             3/03/2022 0:00:00
KB5010523 Update                      3/03/2022 0:00:00
KB5008882 Update                      3/03/2022 0:00:00


"
"MISC_USER_SESSION_LIST","TA0004 - Privilege Escalation","User sessions","Get information about the currently logged-on users. Note that it might be possible to capture or relay the NTLM/Kerberos authentication of these users (RemotePotato0, KrbRelay).","None","
SessionName UserName              Id        State
----------- --------              --        -----
Services                           0 Disconnected
Console     KENTEST\Administrator  1       Active


"
"MISC_STARTUP_EVENTS","TA0004 - Privilege Escalation","System startup history","Get information about the startup history. Note that this information might be useful if the exploitation of a service requires a reboot but the current user does not have the privileges to shut down the system.","None","
Index Time                 
----- ----                 
    1 2025-04-30 - 01:48:57
    2 2025-04-29 - 13:31:48
    3 2025-04-28 - 19:12:27
    4 2025-04-28 - 13:03:13
    5 2025-04-28 - 21:35:56
    6 2025-04-20 - 16:16:09
    7 2025-04-20 - 16:57:46


"
"NET_UDP_ENDPOINTS","TA0004 - Privilege Escalation","UDP endpoints","Get information about all the UDP ports that are in a LISTEN state. Note that the associated process is also listed. DNS is filtered out to minimize the output.","None","
IP   Proto LocalAddress    State  PID Name                                 
--   ----- ------------    -----  --- ----                                 
IPv4 UDP   0.0.0.0:123     N/A   1092 svchost                              
IPv4 UDP   0.0.0.0:389     N/A    708 lsass                                
IPv4 UDP   0.0.0.0:5353    N/A   1192 svchost                              
IPv4 UDP   0.0.0.0:5355    N/A   1192 svchost                              
IPv4 UDP   0.0.0.0:62054   N/A   1192 svchost                              
IPv4 UDP   0.0.0.0:64074   N/A   1192 svchost                              
IPv4 UDP   10.0.2.7:88     N/A    708 lsass                                
IPv4 UDP   10.0.2.7:137    N/A      4 System                               
IPv4 UDP   10.0.2.7:138    N/A      4 System                               
IPv4 UDP   10.0.2.7:464    N/A    708 lsass                                
IPv4 UDP   127.0.0.1:50230 N/A    708 lsass                                
IPv4 UDP   127.0.0.1:53488 N/A   2908 dfsrs                                
IPv4 UDP   127.0.0.1:53918 N/A   2948 Microsoft.ActiveDirectory.WebServices
IPv4 UDP   127.0.0.1:61735 N/A   1564 svchost                              
IPv4 UDP   127.0.0.1:62791 N/A   2888 ismserv                              
IPv6 UDP   [::]:123        N/A   1092 svchost                              
IPv6 UDP   [::]:62054      N/A   1192 svchost                              
IPv6 UDP   [::]:64074      N/A   1192 svchost                              


"
"CONFIG_DEFENDER_EXCLUSIONS","TA0005 - Defense Evasion","Windows Defender exclusions","Get information about the exclusions configured in Microsoft Defender.","None",""
"MISC_AMSI_PROVIDERS","TA0005 - Defense Evasion","AMSI providers","Get information about AMSI providers registered by antimalware software.","None","

Id       : 2781761E-28E0-4109-99FE-B9D127C57AFE
Path     : HKLM\SOFTWARE\Classes\CLSID\{2781761E-28E0-4109-99FE-B9D127C57AFE}
Value    : InprocServer32
FullPath : HKLM\SOFTWARE\Classes\CLSID\{2781761E-28E0-4109-99FE-B9D127C57AFE}\InprocServer32
Data     : ""%ProgramFiles%\Windows Defender\MpOav.dll""
DataType : FilePath



"
"MISC_AVEDR","TA0005 - Defense Evasion","Endpoint protection software","Get information about the installed security products (AV, EDR). Note that this check follows a keyword-based approach and thus might not be completely reliable.","None","
ProductName      Source                Pattern                                                                         
-----------      ------                -------                                                                         
AMSI             Loaded DLL            OriginalFilename=amsi.dll                                                       
AMSI             Loaded DLL            InternalName=amsi.dll                                                           
AMSI             Loaded DLL            FileName=C:\Windows\SYSTEM32\amsi.dll                                           
Windows Defender Installed application Name=Windows Defender                                                           
Windows Defender Installed application Name=Windows Defender                                                           
Windows Defender Installed application Name=Windows Defender Advanced Threat Protection                                
Windows Defender Loaded DLL            FileName=C:\Program Files\Windows Defender\MpOav.dll                            
Windows Defender Loaded DLL            FileDescription=Windows Defender Firewall API                                   
Windows Defender Running process       Name=MsMpEng                                                                    
Windows Defender Running process       ProcessName=MsMpEng                                                             
Windows Defender Running process       ProcessName=NisSrv                                                              
Windows Defender Running process       Name=NisSrv                                                                     
Windows Defender Service               DisplayName=@C:\Program Files\Windows Defender\MpAsDesc.dll,-370                
Windows Defender Service               DisplayName=@C:\Program Files\Windows Defender\MpAsDesc.dll,-330                
Windows Defender Service               DisplayName=@C:\Program Files\Windows Defender\MpAsDesc.dll,-390                
Windows Defender Service               DisplayName=@C:\Program Files\Windows Defender\MpAsDesc.dll,-320                
Windows Defender Service               ImagePath=""C:\Program Files\Windows Defender\MsMpEng.exe""                       
Windows Defender Service               DisplayName=@C:\Program Files\Windows Defender\MpAsDesc.dll,-310                
Windows Defender Service               ImagePath=""C:\Program Files\Windows Defender\NisSrv.exe""                        
Windows Defender Service               Name=SecurityHealthService                                                      
Windows Defender Service               ImagePathResolved=C:\ProgramData\Microsoft\Windows Defender\Definition Update...
Windows Defender Service               ImagePath=\??\C:\ProgramData\Microsoft\Windows Defender\Definition Updates\{0...
Windows Defender Service               ImagePath=C:\Windows\system32\SecurityHealthService.exe                         
Windows Defender Service               ImagePath=""C:\Program Files\Windows Defender Advanced Threat Protection\MsSen...
Windows Defender Service               DisplayName=@C:\Program Files\Windows Defender Advanced Threat Protection\MsS...
Windows Defender Service               RegistryPath=HKLM\SYSTEM\CurrentControlSet\Services\SecurityHealthService       


"
"HARDEN_APPLOCKER","TA0005 - Defense Evasion","AppLocker configuration","Check whether an AppLocker policy is enforced.","Low","

RuleCount   : 0
Description : AppLocker does not seem to be configured.



"
"HARDEN_ASR_RULES","TA0005 - Defense Evasion","Attack Surface Reduction (ASR) rules","Get information about configured Windows Defender Exploit Guard Attack Surface Reduction (ASR) rules.","None",""
"HARDEN_NAME_RESOLUTION","TA0006 - Credential Access","Name resolution protocols","Check whether broadcast and multicast name resolution protocols are disabled.","Low","

Key         : HKLM\SOFTWARE\Policies\Microsoft\Windows NT\DNSClient
Value       : EnableMulticast
Data        : (null)
Description : Multicast name resolution (LLMNR) is enabled (default).

Key         : HKLM\SYSTEM\CurrentControlSet\Services\NetBT\Parameters
Value       : NodeType
Data        : (null)
Description : The NetBIOS node type is B-node (default) - Broadcast.

Key         : HKLM\SYSTEM\CurrentControlSet\Services\Dnscache\Parameters
Value       : EnableMDNS
Data        : (null)
Description : Multicast DNS (mDNS) is enabled (default).



"
"CREDS_PS_HIST","TA0006 - Credential Access","PowerShell history credentials","Check whether the current user's PowerShell history contains any clear-text credentials. Note that this check follows a keyword-based approach and thus might not be completely reliable.","None","

Path          : C:\Users\Administrator\AppData\Roaming\Microsoft\Windows\PowerShell\PSReadLine\ConsoleHost_history.txt
CreationTime  : 3/02/2025 7:19:11
LastWriteTime : 22/04/2025 10:21:55
Lines         : 56
Matches       : 2



"
"HARDEN_IPV6","TA0006 - Credential Access","IPv6 configuration","Check whether IPv6 is disabled globally. Disabling IPv6 aims at limiting the risk of credential stealing by preventing DHCPv6 poisoning attacks.","Low","

Key                                 : HKLM\SYSTEM\CurrentControlSet\Services\Tcpip6\Parameters
Value                               : DisabledComponents
Data                                : (null)
Default                             : 0
PreferIPv4OverIPv6                  : False
DisableIPv6OnAllTunnelInterfaces    : False
DisableIPv6OnAllNonTunnelInterfaces : False
Description                         : IPv6 is preferred over IPv4 (default). IPv6 is enabled on all tunnel interfaces (
                                      default). IPv6 is enabled on all non-tunnel interfaces (default). 



"
"CREDS_GPP","TA0006 - Credential Access","Group Policy Preference (GPP) credentials","Check whether there are cached Group Policy Preference (GPP) files that contain clear-text passwords.","None",""
"CREDS_SCCM_NAA","TA0006 - Credential Access","SCCM Network Access Account (NAA) credentials","Check whether SCCM NAA credentials are stored in the WMI repository. If so, the username and password DPAPI blobs are returned, but can only be decrypted using the SYSTEM's DPAPI user key.","None",""
"USER_ENV","TA0006 - Credential Access","User environment variables","Check whether any environment variables contain sensitive information such as credentials or secrets. Note that this check follows a keyword-based approach and thus might not be completely reliable.","None",""
"CREDS_VNC","TA0006 - Credential Access","VNC server password","Check whether a well-known VNC server (RealVNC, TigerVNC, TightVNC, UltraVNC) is installed. If so, it attempts to read and decrypt the encrypted password. Note that this might require administrator privileges.","None",""
"CREDS_SCCM_CACHE_FOLDERS","TA0006 - Credential Access","SCCM cache folder credentials","Check whether the SCCM cache folders contain files with potentially hard coded credentials, or secrets, using basic keywords such as 'password', or 'secret'.","None",""
"SCHTASKS_HARDCODED_CREDS","TA0006 - Credential Access","Scheduled task hardcoded credentials","Check whether there are scheduled tasks configured with hardcoded credentials (logon type 'Password'), in which case the user account's password is stored in a reversible format in the registry, and can be extracted with administrator privileges.","None",""
"HARDEN_LSA_PROTECTION","TA0006 - Credential Access","LSA Protection","Check whether LSA protection is enabled. Note that when LSA protection is enabled, 'lsass.exe' runs as a Protected Process Light (PPL) and thus can only be accessed by other protected processes with an equivalent or higher protection level.","Low","

Key         : HKLM\SYSTEM\CurrentControlSet\Control\Lsa
Value       : RunAsPPL
Data        : (null)
Description : LSA Protection is not enabled.



"
"SERVICE_HARDCODED_CREDS","TA0006 - Credential Access","Service hardcoded credentials","Check whether there are services configured with hardcoded credentials, in which case the service account's password is likely to be stored in a reversible format in the registry, and can be extracted with administrator privileges.","None",""
"HARDEN_CREDENTIAL_GUARD","TA0006 - Credential Access","Credential Guard","Check whether Credential Guard is supported and enabled. Note that when Credential Guard is enabled, credentials are stored in an isolated process ('LsaIso.exe') that cannot be accessed, even if the kernel is compromised.","Low","

SecurityServicesConfigured  : 0
SecurityServicesRunning     : 0
SecurityServicesDescription : Credential Guard is not configured. Credential Guard is not running.
LsaCfgFlagsPolicyKey        : HKLM\SOFTWARE\Policies\Microsoft\Windows\DeviceGuard
LsaCfgFlagsPolicyValue      : LsaCfgFlags
LsaCfgFlagsPolicyData       : (null)
LsaCfgFlagsKey              : HKLM\SYSTEM\CurrentControlSet\Control\LSA
LsaCfgFlagsValue            : LsaCfgFlags
LsaCfgFlagsData             : (null)
LsaCfgFlagsDescription      : Credential Guard is not configured.



"
"CREDS_WINLOGON","TA0006 - Credential Access","WinLogon credentials","Check whether the 'WinLogon' registry key contains clear-text credentials. Note that entries with an empty password field are filtered out.","None",""
"CONFIG_CREDENTIAL_DELEGATION","TA0006 - Credential Access","Credential delegation","Check whether Credential Delegation is enabled. If so, passwords are very likely to be stored in clear-text in memory, unless another setting prevents that. Note that LSA Protection is not sufficient to protect credentials in this case.","None","

Policy              : Allow delegating default credentials with NTLM-only server authentication
Setting             : AllowDefCredentialsWhenNTLMOnly
Enabled             : False
ConcatenateDefaults : False
Services            : (null)

Policy              : Allow delegating default credentials
Setting             : AllowDefaultCredentials
Enabled             : False
ConcatenateDefaults : False
Services            : (null)

Policy              : Deny delegating default credentials
Setting             : DenyDefaultCredentials
Enabled             : False
ConcatenateDefaults : False
Services            : (null)



"
"CREDS_UNATTEND","TA0006 - Credential Access","Unattend file credentials","Check whether there are any 'unattend' files and whether they contain clear-text credentials.","None",""
"NET_FIREWALL_PROFILES","TA0008 - Lateral Movement","Windows firewall profiles","Check whether the Windows firewall is enabled on each network profile (domain, private, public).","None","

Name                            : Domain
Enabled                         : True
DefaultInboundAction            : Block
DefaultOutboundAction           : Allow
AllowInboundRules               : True
AllowLocalFirewallRules         : True
AllowLocalIPsecRules            : True
AllowUserApps                   : True
AllowUserPorts                  : True
AllowUnicastResponseToMulticast : True
NotifyOnListen                  : False
LogFileName                     : %systemroot%\system32\LogFiles\Firewall\pfirewall.log
LogMaxSizeKilobytes             : 4096
LogAllowed                      : False
LogBlocked                      : False
LogIgnored                      : False
DisabledInterfaceAliases        : {}

Name                            : Private
Enabled                         : True
DefaultInboundAction            : Block
DefaultOutboundAction           : Allow
AllowInboundRules               : True
AllowLocalFirewallRules         : True
AllowLocalIPsecRules            : True
AllowUserApps                   : True
AllowUserPorts                  : True
AllowUnicastResponseToMulticast : True
NotifyOnListen                  : False
LogFileName                     : %systemroot%\system32\LogFiles\Firewall\pfirewall.log
LogMaxSizeKilobytes             : 4096
LogAllowed                      : False
LogBlocked                      : False
LogIgnored                      : False
DisabledInterfaceAliases        : {}

Name                            : Public
Enabled                         : True
DefaultInboundAction            : Block
DefaultOutboundAction           : Allow
AllowInboundRules               : True
AllowLocalFirewallRules         : True
AllowLocalIPsecRules            : True
AllowUserApps                   : True
AllowUserPorts                  : True
AllowUnicastResponseToMulticast : True
NotifyOnListen                  : False
LogFileName                     : %systemroot%\system32\LogFiles\Firewall\pfirewall.log
LogMaxSizeKilobytes             : 4096
LogAllowed                      : False
LogBlocked                      : False
LogIgnored                      : False
DisabledInterfaceAliases        : {}



"
"HARDEN_LAPS","TA0008 - Lateral Movement","LAPS","Check whether LAPS is configured and enabled. Note that this applies to domain-joined machines only.","Medium","

Policy      : Enable local admin password management (LAPS legacy)
Key         : HKLM\Software\Policies\Microsoft Services\AdmPwd
Default     : 0
Value       : (null)
Description : The local administrator password is not managed (default).

Policy      : LAPS > Configure password backup directory
Key         : HKLM\Software\Microsoft\Policies\LAPS
Default     : 0
Value       : (null)
Description : The local administrator password is not backed up (default).



"
"CONFIG_WSUS","TA0008 - Lateral Movement","WSUS configuration","Check whether WSUS uses the HTTPS protocol to retrieve updates from the on-premise update server. If WSUS uses the clear-text HTTP protocol, it is vulnerable to MitM attacks that may result in remote code execution as SYSTEM.","None","

Key         : HKLM\Software\Policies\Microsoft\Windows\WindowsUpdate
Value       : WUServer
Data        : (null)
Description : No WSUS server is configured (default).

Key         : HKLM\Software\Policies\Microsoft\Windows\WindowsUpdate\AU
Value       : UseWUServer
Data        : (null)
Description : WSUS server not enabled (default).

Key         : HKLM\Software\Policies\Microsoft\Windows\WindowsUpdate
Value       : SetProxyBehaviorForUpdateDetection
Data        : (null)
Description : Proxy fallback not configured (default).

Key         : HKLM\Software\Policies\Microsoft\Windows\WindowsUpdate
Value       : DisableWindowsUpdateAccess
Data        : (null)
Description : Windows Update features are enabled (default).



"
"HARDEN_DEFAULT_LOCAL_ADMIN","TA0008 - Lateral Movement","Default local administrator account","Check whether the default local administrator account is disabled.","Low","

Name             : Administrator
Comment          : Built-in account for administering the computer/domain
Active           : True
UserId           : 500
PrimaryGroupId   : 513
Priv             : USER_PRIV_ADMIN
Flags            : UF_SCRIPT, UF_NORMAL_ACCOUNT, UF_DONT_EXPIRE_PASSWD
BadPasswordCount : 0
NumLogons        : 57
AccountExpires   : 
PasswordLastSet  : 3/02/2025 6:53:05
LastLogon        : 2/05/2025 2:44:25
LastLogoff       : 
Description      : The default local administrator account is **enabled**.



"
"CONFIG_HARDENED_UNC_PATHS","TA0008 - Lateral Movement","Hardened UNC paths","Check whether sensitive UNC paths are properly hardened. Note that non-hardened UNC paths used for retrieving group policies can be hijacked through an MitM attack to obtain remote code execution as SYSTEM.","None",""
"HARDEN_UAC","TA0008 - Lateral Movement","User Account Control (UAC) settings","Check whether User Access Control (UAC) is enabled and whether it filters the access token of local administrator accounts when they authenticate remotely.","None","

Key         : HKLM\Software\Microsoft\Windows\CurrentVersion\Policies\System
Value       : EnableLUA
Data        : 1
Vulnerable  : False
Description : UAC is enabled.

Key         : HKLM\SOFTWARE\Microsoft\Windows\CurrentVersion\Policies\System
Value       : LocalAccountTokenFilterPolicy
Data        : (null)
Vulnerable  : False
Description : Only the built-in Administrator account (RID 500) can be granted a high integrity token when authenticati
              ng remotely (default).

Key         : HKLM\SOFTWARE\Microsoft\Windows\CurrentVersion\Policies\System
Value       : FilterAdministratorToken
Data        : (null)
Vulnerable  : False
Description : The built-in administrator account (RID 500) is granted a **high** integrity token when authenticating re
              motely (default). The default local administrator account is disabled.



"
"CONFIG_SMB","TA0008 - Lateral Movement","SMB configuration","Check whether SMBv1 is enabled (server), and whether signing is required (server and client).","Low","

Role        : Server
Parameter   : EnableSMB1Protocol
Value       : False
Expected    : <False>
Description : The SMB1 protocol is disabled.

Role        : Server
Parameter   : RequireSecuritySignature
Value       : True
Expected    : <True>
Description : Security signature (SMB signing) is required.

Role        : Server
Parameter   : SmbServerNameHardeningLevel
Value       : 0
Expected    : <1|2>
Description : Off (default). An SPN does not need to be sent by the SMB client. It is not required or validated by the 
              SMB server.

Role        : Client
Parameter   : RequireSecuritySignature
Value       : False
Expected    : <True>
Description : Security signature (SMB signing) is not required.



"
"MISC_MACHINE_ROLE","TA0043 - Reconnaissance","Machine role","Get information about the machine's role. Is it a Workstation, a Server, or a Domain Controller.","None","
Name     Role             
----     ----             
LanmanNT Domain Controller


"
"MISC_ADMINS","TA0043 - Reconnaissance","Local Administrators group","Get information about the users and groups in the local 'Administrators' group.","None","
Name              Type  IsLocal IsEnabled
----              ----  ------- ---------
Administrator     User     True      True
Enterprise Admins Group       0      True
Domain Admins     Group       0      True


"
"MISC_DRIVES","TA0043 - Reconnaissance","Filesystem drives","Get information about the partitions, removable storages, and mapped network shares.","None","
Root DisplayRoot Description
---- ----------- -----------
C:\                         
D:\                         


"
"MISC_SYSINFO","TA0043 - Reconnaissance","System information","Get information about the Windows version. Note that this information might be useful if the update history cannot be obtained.","None","

ProductName           : Windows Server 2022 Standard Evaluation
Version               : 10.0.20348 Version 2009 (20348.587)
BuildString           : 20348.1.amd64fre.fe_release.210507-1500
BaseBoardManufacturer : 
BaseBoardProduct      : 
BiosMode              : Bios
BiosReleaseDate       : 
BiosVendor            : 
BiosVersion           : 
SystemFamily          : 
SystemManufacturer    : 
SystemProductName     : 
SystemSKU             : 



"
"APP_INSTALLED","TA0043 - Reconnaissance","Application list (non-default)","Get information about non-default and third-party applications by searching the registry and the default install locations.","None","
Name        FullName                                         
----        --------                                         
Microsoft   C:\Program Files (x86)\Microsoft                 
Application C:\Program Files (x86)\Microsoft\Edge\Application
Oracle      C:\Program Files\Oracle                          


"
"APP_PROCESSES","TA0043 - Reconnaissance","Running processes","Get information about the currently running processes that are not owned by the current user. Processes such as 'svchost.exe' are filtered out.","None","
Name                                    Id Path                                                                SessionI
                                                                                                                      d
----                                    -- ----                                                                --------
AggregatorHost                        3560 C:\Windows\System32\AggregatorHost.exe                                     0
dfsrs                                 2908 C:\Windows\system32\DFSRs.exe                                              0
dns                                   2916 C:\Windows\system32\dns.exe                                                0
fontdrvhost                           3380 C:\Windows\system32\fontdrvhost.exe                                        1
fontdrvhost                           3860 C:\Windows\system32\fontdrvhost.exe                                        0
ismserv                               2888 C:\Windows\System32\ismserv.exe                                            0
lsass                                  708 C:\Windows\system32\lsass.exe                                              0
Microsoft.ActiveDirectory.WebServices 2948 C:\Windows\ADWS\Microsoft.ActiveDirectory.WebServices.exe                  0
MicrosoftEdgeUpdate                   4100 C:\Program Files (x86)\Microsoft\EdgeUpdate\MicrosoftEdgeUpdate.exe        0
MoUsoCoreWorker                       1000 C:\Windows\System32\mousocoreworker.exe                                    0
MsMpEng                               2972                                                                            0
NisSrv                                3980                                                                            0
VBoxService                           2152 C:\Windows\System32\VBoxService.exe                                        0
vds                                   3420 C:\Windows\System32\vds.exe                                                0
wininit                                556                                                                            0
winlogon                               624 C:\Windows\system32\winlogon.exe                                           1
wlms                                  3016 C:\Windows\system32\wlms\wlms.exe                                          0


"
"USER_GROUPS","TA0043 - Reconnaissance","User groups","Get information about the groups the current user belongs to (name, type, SID).","None","
Name                                           Type           SID                                         
----                                           ----           ---                                         
KENTEST\Domain Users                           Group          S-1-5-21-591775354-1498930417-4130056636-513
Everyone                                       WellKnownGroup S-1-1-0                                     
BUILTIN\Administrators                         Alias          S-1-5-32-544                                
BUILTIN\Users                                  Alias          S-1-5-32-545                                
BUILTIN\Pre-Windows 2000 Compatible Access     Alias          S-1-5-32-554                                
NT AUTHORITY\NETWORK                           WellKnownGroup S-1-5-2                                     
NT AUTHORITY\Authenticated Users               WellKnownGroup S-1-5-11                                    
NT AUTHORITY\This Organization                 WellKnownGroup S-1-5-15                                    
KENTEST\Group Policy Creator Owners            Group          S-1-5-21-591775354-1498930417-4130056636-520
KENTEST\Domain Admins                          Group          S-1-5-21-591775354-1498930417-4130056636-512
KENTEST\Schema Admins                          Group          S-1-5-21-591775354-1498930417-4130056636-518
KENTEST\Enterprise Admins                      Group          S-1-5-21-591775354-1498930417-4130056636-519
KENTEST\Denied RODC Password Replication Group Alias          S-1-5-21-591775354-1498930417-4130056636-572
NT AUTHORITY\NTLM Authentication               WellKnownGroup S-1-5-64-10                                 
Mandatory Label\High Mandatory Level           Label          S-1-16-12288                                


"
"USER_RESTRICTED_SIDS","TA0043 - Reconnaissance","User restricted SIDs","Get information about potential restricted SIDs applied to the current user.","None",""
"CONFIG_SCCM_CACHE_FOLDERS","TA0043 - Reconnaissance","SCCM cache folders","Get information about SCCM cache folders (incl. number and list of binary, script, and text files).","None",""
"NET_ADAPTERS","TA0043 - Reconnaissance","Network interfaces","Get information about all active Ethernet adapters.","None","

Name            : {A63F6547-3A44-4122-B2BC-9E94C6B0D09D}
FriendlyName    : Ethernet
Type            : Ethernet
Status          : Up
DnsSuffix       : 
Description     : Intel(R) PRO/1000 MT Desktop Adapter
PhysicalAddress : 08:00:27:c7:93:cc
Flags           : DdnsEnabled, NetBiosOverTcpIpEnabled, Ipv4Enabled
IPv6            : 
IPv4            : 10.0.2.7 (/24)
Gateway         : 10.0.2.1
DHCPv4Server    : 
DHCPv6Server    : 
DnsServers      : 127.0.0.1
DNSSuffixList   : 



"
"MISC_TPM_DEVICE_INFO","TA0043 - Reconnaissance","TPM device information","Get information about the machine's Trusted Platform Module (TPM), if present.","None","

TpmPresent : False



"
"USER_USER","TA0043 - Reconnaissance","User identity","Get information about the current user (name, domain name) and its access token (SID, integrity level, authentication ID).","None","

Name             : KENTEST\Administrator
SID              : S-1-5-21-591775354-1498930417-4130056636-500
IntegrityLevel   : High Mandatory Level (S-1-16-12288)
SessionId        : 0
TokenId          : 00000000-001209df
AuthenticationId : 00000000-001208fc
OriginId         : 00000000-00000000
ModifiedId       : 00000000-00120902
Source           : NtLmSsp (00000000-00000000)



"

